Label,log.sigma.2.mm.3D_glcm_ClusterShade,log.sigma.3.mm.3D_glrlm_LongRunHighGrayLevelEmphasis,log.sigma.1.mm.3D_glcm_Imc1,log.sigma.3.mm.3D_firstorder_Skewness,wavelet.HLL_glszm_ZonePercentage,wavelet.LHL_glcm_Correlation,wavelet.HLL_firstorder_Skewness,wavelet.HLL_firstorder_90Percentile,wavelet.HLH_glcm_InverseVariance,wavelet.LLH_glcm_Correlation
0,0.330805105,-0.476129723,0.905422416,-0.489853243,-0.207303693,-0.346509365,1.511812493,0.065356624,-0.216099413,-0.431469161
1,0.059397036,1.673863845,-0.61022437,0.005891367,-1.514695099,-0.363124779,-0.437539639,-0.262220466,0.748711442,-0.238439684
1,0.086692274,-0.182590883,1.018411494,-0.659041463,-0.749196495,0.250136524,-0.03589653,-0.118654169,0.701728549,-0.126306166
0,0.331092638,-0.481250979,1.255440638,0.526010515,0.702546936,-0.386871184,0.762866593,1.887848521,-0.877791861,-0.593364892
0,0.323102171,-0.501970936,0.625349171,-0.049971348,0.398114739,-0.653777345,2.771330509,1.83052388,0.827244797,-0.661220283
1,0.091550049,-0.223382612,-0.979821516,-0.622217755,-0.67613246,-1.018422811,-0.994082197,-0.324449368,-1.189158015,0.972993924
0,-0.210855581,0.303497243,-0.997810213,-0.155829944,-0.6701665,0.578584694,-0.745747794,-0.81892069,0.581832173,0.457567005
0,0.091704905,-0.337025947,0.708701468,0.484981511,1.044959679,-0.993141545,1.205760348,-0.043586137,0.191165269,-0.067644996
0,0.31991684,-0.405537198,0.687155245,-0.805536444,0.07242208,-0.416186746,-0.207878724,0.39531291,-0.256116111,-0.397399499
1,0.020109549,-0.094800518,-0.37249943,-0.377802038,-0.004302858,-0.376881885,-0.074022503,-0.572822398,1.127371646,0.104853989
1,0.330723272,-0.541563692,-0.126526032,1.154073523,-0.312579582,-0.960170281,-2.082022199,-0.210273313,-0.026969899,0.85356034
0,0.094040608,-0.257643847,0.878593338,0.458085229,-0.319677083,0.188442285,1.379265899,0.287690145,-0.16205681,0.052692933
0,0.089376359,-0.224005712,0.56596295,0.434581075,0.325489827,0.115055722,0.487836994,0.100816344,0.388930585,-0.980449693
0,0.093657771,-0.3353284,0.867274079,1.956760281,0.390586445,0.361963389,-1.072896904,-0.208749943,-0.726013626,-0.156617829
1,-1.784809406,1.282074814,-1.437369509,-0.120657349,0.833387201,3.579932302,-0.06204312,-1.295377401,0.728681368,3.136425374
1,-0.022119929,0.314992758,-0.84507699,-1.7088884,-0.729974243,0.179471832,-0.464014261,-0.643558619,0.743780924,-0.62160496
0,-2.216932091,1.325296526,-1.297183584,-0.400488898,0.409963653,2.697064569,0.289926359,-0.128261109,0.532111515,2.865112335
0,0.085451969,-0.218811242,1.007045706,-0.494294169,-0.219639968,-0.569572486,-0.007448766,-0.253307166,0.704989021,-0.141358743
0,0.326207079,-0.337660125,1.286763219,-0.894572501,-0.282389357,-0.181067936,-0.778244676,-0.135226625,-0.785728079,-0.508004686
0,0.093576411,-0.351101497,0.773429593,2.738556595,2.007273257,0.142496356,2.441722263,0.57776535,0.12727976,-2.347107249
0,0.327810669,-0.510563354,-0.081568801,0.525388628,-0.614481879,-0.877467923,1.619948995,-0.015533268,0.043617472,-0.098189644
0,0.32892317,-0.375629464,0.823337837,-0.640484551,0.222610853,-0.414713489,-0.631741068,0.221566964,-0.215523218,-0.333003674
0,0.331043637,-0.369477138,-0.712201596,0.952798275,0.052318071,-0.387723308,-1.852543182,1.1450548,-1.448626029,1.122917354
0,0.08703746,-0.276251073,0.214890621,0.148343855,0.282470776,-0.418501299,1.099693227,0.674999473,0.214226523,0.119746359
0,-0.004808768,0.031113827,-1.175458343,-0.890657748,-0.89864267,-0.095005617,-0.769093602,-0.900976258,0.617780026,-0.043775028
0,0.324994234,-0.348263617,0.865568465,-1.670242364,0.175108745,-0.635165387,1.792301587,2.249958643,-0.769961446,-0.275699885
0,-0.063721753,0.087142401,-0.886287072,-0.852565958,-0.471611601,-0.885253578,1.93635898,-1.252415059,1.039526976,-0.205558897
0,0.092908572,-0.207815243,0.657395862,-0.300186877,0.160882979,-0.339820671,0.344426819,0.266128704,-0.66101447,0.14287037
1,0.056160598,-0.153061413,-0.090314042,-0.745410578,-0.40911985,-0.724230901,-0.347983928,-0.120679653,-0.602138848,-0.347061114
0,0.32364352,-0.453005471,0.820176442,0.197191593,0.423739379,-0.625347893,2.700455356,1.49959857,0.255866778,-0.035939881
1,0.09124828,-0.252258858,-0.421026283,-0.700115133,-0.831282998,-0.802968544,-1.137577202,-0.877422927,0.439065908,1.261324663
0,0.091003969,-0.30935912,0.495593792,0.562071042,-0.319387127,0.038161531,1.978511059,0.863146893,-0.221688604,0.480994824
1,-0.028169504,0.192779833,-1.335671097,0.036321545,-0.714462519,1.048772787,-0.242839716,-1.468722098,-0.238300343,2.756999397
0,0.090106971,0.069160441,1.047625764,-0.823157663,-0.034960706,-0.195008501,0.272654169,1.240933472,0.06167147,0.030439452
0,-0.109229865,-0.008723631,-1.501081832,-0.694884142,-0.635516068,0.144353036,-0.165154922,-1.097284469,1.309948252,0.660421973
1,-1.53104522,1.353462427,-1.655327996,-1.509000438,-0.120769776,0.533411885,-1.954872733,-0.946459177,0.614464153,2.896002125
0,0.325869085,-0.424820277,0.635017782,0.599911404,-0.151730007,-0.21307864,-1.247051414,-0.235031829,-0.881740461,-0.244949173
0,0.313676073,-0.035487384,0.562290281,-1.252327063,0.055635759,-0.352926805,-0.282768835,0.677782555,-0.374821228,-0.433142543
1,0.079880287,-0.004183557,0.036711715,-0.149694558,-0.712009019,-0.580926823,-0.491012985,-0.215987917,0.22927852,-0.483237063
0,0.086174041,-0.275676104,0.125583252,0.367063634,-0.527978572,-0.22066387,-1.035511022,-0.588014994,0.035354199,0.00733478
0,0.329530662,-0.50296415,0.738639734,0.744127051,-0.272325944,-0.3824096,0.132527079,-0.623725229,0.195109009,-1.392541919
1,-0.716708176,0.59324528,-1.25905409,-0.686345401,-0.035728756,1.497312216,0.410848079,-1.191579903,0.523599476,1.760938236
0,0.317826721,-0.319091937,0.727069027,-1.204233725,0.192746475,-0.41553781,1.938701143,1.519977585,0.087329603,-0.508969641
1,0.088745598,-0.267126999,1.118055047,0.029934704,0.499317964,-0.109343704,0.919886528,1.430725036,-0.073785901,-0.576157882
1,-0.100361017,0.718819197,-2.063790438,0.108668245,-1.284036433,0.454311116,-0.356254503,-0.816224723,0.66827022,0.177119351
0,0.093663972,-0.299733924,0.989401985,1.253242733,0.570218318,0.311479408,-0.145720978,-0.355725973,-1.679852406,0.267887863
1,0.28996072,0.891307066,-0.455216182,-0.522450217,-0.855549453,-0.650983178,-0.102124611,0.127142391,0.285914775,-0.153312506
1,-4.684549326,1.677712719,-2.742669664,0.138951831,2.115922509,5.235150551,-0.07930595,-0.940365442,0.770485256,3.874752908
1,0.333262834,-0.517121284,0.130030367,1.006074987,0.123731269,-1.281647643,-0.955994524,-1.551266783,0.118044175,-0.496814736
0,0.328022902,-0.396177813,0.036271552,-1.497443293,1.522108608,-0.719234936,-0.052460028,1.926678678,-1.756420379,0.981972961
1,0.116089152,3.800245224,-3.619892036,0.49311803,-1.536422046,0.83053319,-0.907868727,-0.42468477,0.561878742,1.296330518
0,0.179730178,0.024166789,-1.533533519,-0.012136293,-1.114385045,0.413892071,-0.014653178,-1.68265784,0.242190251,0.863996953
0,0.076278861,-0.189201479,0.338457832,0.376329305,-0.31615052,-0.423228709,-0.040154768,-0.701122297,0.536131201,0.128260534
1,0.079267599,-0.098638793,1.109911783,-1.656917746,0.168185092,-0.545218113,2.023322697,1.284947791,0.621641884,-0.531094589
1,0.336828367,-0.389878419,-0.216331954,1.222920225,-1.157435352,-0.312330854,-0.046074829,-0.033762118,2.056052701,-0.835330934
0,0.322422673,-0.440246256,0.82169835,-0.944279557,-0.334332365,-0.671812626,-1.551495391,-0.877820555,0.172983402,-0.347774548
1,0.301580581,-0.182824521,-0.679343667,-0.716754141,-1.064136695,-0.577821431,0.293799803,-0.681716239,1.164108551,-0.417556882
1,0.288319912,-0.395823057,-0.757064807,-0.119007655,-0.775783973,-0.04979452,0.487398382,-0.179245934,2.330031374,-0.305147748
1,0.316986694,-0.151418433,0.786400259,-0.672200953,-0.152063214,-0.321922937,0.637390617,0.596384284,0.352807433,-0.369198276
1,-1.138378976,0.700447563,-1.256970745,-0.248341118,-0.397594197,2.638577018,-0.699315906,-0.44343764,-0.374090157,3.042393634
0,0.328582511,-0.511259937,0.706698487,0.120463173,1.096297814,0.24178303,-0.016385209,0.27124257,-1.115254987,-0.801212348
1,-0.002363542,0.103150755,-0.587728935,-1.121684215,-0.73031036,0.110981817,-0.24696022,-1.151288718,0.766772439,-0.001826131
0,0.076497645,-0.158785615,0.532171284,-1.799598378,-0.217729228,0.054575686,-0.208441831,-0.467857924,1.097954555,-0.244404112
0,0.181185592,0.079152888,-0.889372414,-1.745462918,-0.640720829,0.385659767,1.282993299,0.561939533,1.250733162,-0.531254819
0,0.092600272,-0.22285498,1.182282735,-0.253142632,0.948622466,0.051635526,0.016132333,3.342072562,-1.313707179,-0.32057991
1,0.093184269,-0.242477679,0.723714137,0.230150502,-0.347253434,-0.741924523,-0.596896795,-0.597333308,-0.237215373,0.066013021
0,0.335804351,-0.49738247,0.30448303,1.284041216,1.359494689,-0.630268127,0.222711938,-0.125980033,0.592664809,-0.290529065
0,0.058444805,0.169992986,-0.113596083,-0.948014306,-0.687204763,-0.547677481,0.257586038,0.318829042,0.456345072,-0.194685643
0,0.331740351,-0.541240534,0.190805639,1.124220527,0.618612575,0.825431199,0.289375534,0.402282864,-0.998610017,0.218769313
0,-0.039614922,-0.001700168,-0.976906027,-0.83747857,-1.061363045,-0.417017869,1.213391227,-0.149056407,0.707502011,-0.289224278
1,-0.195734072,1.118536057,-1.940945836,0.072187687,-0.368266544,0.974561701,-0.444539681,-0.638276252,1.01860342,0.750992203
0,0.331037797,-0.525074557,0.830412927,0.531961575,0.598616438,-1.182591719,-0.192186528,-0.186981546,-0.126850569,-0.993964365
0,0.092366246,-0.290909778,0.662024365,0.716520954,0.73860518,-0.984391439,-1.687971454,0.670791209,-1.079870376,0.489480687
0,0.331284145,-0.496109128,0.488265203,1.876242936,0.222899762,-0.836694657,-1.262175973,-0.528066246,0.012263241,-1.005724375
0,0.08636919,0.523260302,-0.000621966,-4.848655156,-1.392353048,-0.719211732,-1.621449734,-0.595701495,0.471907102,1.186043113
1,0.090328414,0.201030508,0.186619657,0.148695379,-0.671224383,-0.269876887,-0.551172155,0.265643531,0.011199064,-0.167140255
0,0.092607318,-0.246236031,-0.453103108,0.147033668,0.11225575,-1.187156035,-1.221288507,1.193704083,-1.559648185,0.756304596
0,0.092580577,-0.313008184,0.847557965,1.094024234,0.33926306,-0.037197162,0.578539632,0.32796004,0.020282595,-1.24399142
1,-0.389508132,3.572566365,-2.750243593,-0.595786741,-1.482590116,1.320913305,-0.502933787,-0.154699854,0.815658655,0.465396667
0,0.005788136,-0.014916834,-0.639686728,-0.575704823,-1.339150533,-0.442718246,0.203291923,-1.281637929,1.449680636,-0.092700116
1,0.080973362,-0.19038866,0.002041584,-0.206931617,-0.184062526,-0.120600054,0.161189417,-0.376953572,0.353716881,-0.321997003
0,0.331110562,-0.541648702,0.77548005,1.26715392,1.194457294,-0.119163207,0.522889988,-0.393154295,-0.631126181,-0.23767252
1,0.163387041,-0.137955355,-1.231592426,-0.054573689,-0.917158292,1.796984029,-1.517776722,-1.306930179,1.061766966,1.349577994
0,0.329915314,-0.543740885,1.120226719,0.255729121,0.589119758,0.720648188,1.347375309,2.279887783,-1.33819698,0.038829618
1,0.331614427,-0.45604342,0.970332432,-0.4770656,0.088703363,0.107339665,2.152922276,2.374190702,-1.065730556,-0.228255823
1,-1.049892138,0.854967052,-1.462597816,-0.325107929,0.198734729,2.487662873,-1.184606168,-0.570561557,-0.052039948,1.114684974
0,0.088067734,-0.311458903,0.022362806,0.669093721,0.330370389,0.757121826,0.326465375,-0.577863277,0.638231948,-0.192545863
1,0.261549223,-0.248046486,-0.733032177,-0.651355202,-0.442360764,0.21730339,-0.149897554,0.181788009,0.846928877,-0.494707201
0,0.092638982,-0.221131105,1.134319668,0.99025809,0.067236119,0.061895168,-0.536889925,-0.114686611,-0.308616983,0.017966844
0,0.330275129,-0.469112389,0.300846838,-0.427659838,0.327165761,-0.2043168,0.407315003,-0.123185685,-0.794164486,0.281498674
0,0.089433103,-0.189523221,0.524944013,-0.026020392,-0.317099145,0.202490807,-0.073168152,1.245833888,-0.843530747,-0.736795536
0,0.078599011,-0.176645968,0.202571487,-0.275605416,-0.439539552,-0.186015291,0.309235657,0.233434636,0.31798185,-0.155977918
0,0.09321196,-0.273775063,0.825574306,0.304132277,0.426220932,-0.147888124,1.847783418,1.438555857,0.286784852,-0.6083167
0,0.331002202,-0.487960633,0.809599716,0.656386701,0.117479234,0.17780691,-0.402016202,0.397751697,-1.343269735,0.063143941
1,-0.392825418,1.234504423,-2.055881722,-1.375242274,-1.081510442,1.945826094,-0.412741517,-0.478856819,0.957296592,2.284803755
0,0.331009509,-0.477580048,0.323491016,0.862044649,0.379619827,-0.125875908,-0.905639475,-0.197519421,-0.373098949,-0.389276116
0,0.313594025,-0.345855398,-0.468463768,-0.031855217,-0.422976689,-0.964266068,-1.108376407,-0.186398334,-0.47913214,-0.114686239
0,0.306110838,-0.354074589,-0.736506305,-0.236337825,-0.993452068,-1.620062856,-0.440132656,-1.21533394,0.895316416,-0.452361859
1,0.092749135,-0.209020919,-0.399451872,0.205932451,-0.892296266,-0.647610515,0.339544756,-0.06308459,-0.030998216,0.969453278
0,0.320191503,-0.422744522,0.709005802,-0.669943008,0.409873857,-0.197801508,0.838534518,0.921254508,0.18164932,-0.354768137
0,0.331343611,-0.438790557,0.288031843,-0.194098208,-0.063846311,0.300926946,-0.381237267,-0.469829496,-0.356987672,-0.406159869
0,0.331931393,-0.541318885,0.416639713,1.100767077,0.864839381,0.095187049,-1.034256373,0.513676427,-0.06407971,-0.542220445
1,0.024243635,-0.011668452,-0.728235491,0.38507213,-0.242519212,0.613199846,-0.329701381,-1.226159537,0.065740629,0.978993154
0,0.293207435,-0.262081112,-0.258767265,-0.655800022,-0.703408553,-0.220443997,-0.366444362,-0.332020283,0.997610755,-0.291028727
1,-13.19145379,8.842403147,-1.535147699,-1.912860879,-0.130653785,3.43390012,-2.33708638,-1.665474842,0.855256237,3.640768297
0,0.093200969,-0.374352115,-0.977095954,2.448085247,2.912980164,-1.624813966,-1.298742169,-2.266705484,0.246574656,-1.690250541
1,0.04403922,0.408517542,-0.736073471,-0.418264298,-0.970083675,-0.367027624,0.039707098,-0.113336898,0.680593393,-0.500703145
0,0.311334822,-0.399519711,-0.044690503,-0.791169749,-0.708262171,-0.444238566,-0.417964721,-0.828809499,0.580971445,-0.712178039
1,0.005947229,0.274824261,-1.57653872,-0.124072764,-1.596897449,1.495902522,-0.379919849,-0.858903116,1.14570438,0.01728717
0,0.330797013,-0.491578989,0.997699663,0.097318228,0.4655558,0.043399914,0.136074206,1.516609543,-1.39148652,-0.862204551
0,0.093092715,-0.239021475,1.282066424,0.387764193,0.771589071,-0.083449455,-0.308109554,1.012683186,-1.366878544,-0.384838673
0,0.096437484,-0.301648557,0.538566835,1.685341494,1.740658245,0.379903401,-1.079688762,0.481513383,-0.937875874,-0.314741743
0,0.282990225,-0.343296687,-0.729979558,-0.603406909,-0.281213117,-1.002905432,-0.095042741,-0.276456994,1.093993348,-0.443331563
0,0.323164728,-0.388109143,0.742342811,-1.337020528,-0.141923862,-0.462545422,-0.628760173,-0.130446953,-0.210551353,-0.572402149
0,0.321010494,-0.230582165,0.623802918,-0.727189481,-0.895705951,-0.543402758,0.391323725,0.341471998,0.217320793,-0.598690997
1,-1.661873309,2.447163675,-2.007061931,-0.718881089,-0.832618552,1.306043247,-0.319242166,-1.198440306,0.89575577,2.102428818
0,0.092765558,-0.343392223,0.252995995,2.488783132,0.524597526,0.472279265,0.085466209,-1.691879705,-0.4558698,-1.631237281
0,0.317708787,-0.423021813,0.214811448,-0.256807447,-0.52762692,-0.359562588,0.122497436,-0.368049014,0.576819529,-0.877618178
1,-2.115837403,1.210988638,-1.201827121,-1.223013172,0.72605444,0.88838288,-0.658750652,-0.298749563,0.867765003,1.867519984
0,0.329610878,-0.49903398,0.562763015,0.701234619,0.161336821,0.238363586,-1.469486535,-0.122951688,0.024302912,-0.340329755
1,0.330387629,-0.523295633,-0.079070694,0.723059229,-0.336222534,-0.592732692,0.531656214,-0.868802715,1.489756598,0.017555838
1,-2.063191833,3.608275661,-2.018545809,-0.078460342,-0.805579619,5.157072262,-0.357536125,-2.918352503,0.814947128,3.386286054
0,0.325580703,-0.469606424,0.74680927,-0.350371971,0.601072108,0.477633734,-0.599943382,-0.261034936,-1.153829646,-0.641452016
1,0.09245742,-0.326953852,0.856918049,0.63229799,1.612477953,-0.161494101,0.096176136,0.687845289,-1.045817344,0.209464892
0,0.074009359,-0.121628104,-0.027295747,-0.50175068,-1.298907965,-0.30949051,-0.591360139,-0.736934806,0.959587443,-0.834005693
1,-0.124607896,1.549811644,-1.437063595,0.84716566,-0.810385782,2.82523943,0.41910005,0.290785298,0.736033743,2.477752973
0,0.094324595,-0.25110291,-0.305522032,0.744484913,-0.20547174,-0.120405461,-0.593260465,-0.698198029,-1.177585461,-0.23027516
0,0.319314929,-0.249803106,0.298228657,-1.212116668,0.046009005,-0.548900643,1.726032759,0.663027185,0.520230428,-0.903411158
0,0.084341469,-0.231068554,0.199507648,-0.1574363,0.115047229,-0.604811887,0.289094876,0.108577084,-0.137745916,-0.168110737
0,0.327568888,-0.369923205,0.84770448,-0.700583051,-0.388754016,0.307194322,1.0949178,0.706667755,-0.374862293,-0.730443766
1,0.086549479,-0.120360333,0.50586814,-1.757569988,-1.115706648,0.026104024,-0.83335857,0.045254779,0.10903568,0.534363356
1,0.039933194,2.605798943,-1.820938234,0.848646731,-1.386564201,3.054484162,-0.412850783,-2.191832844,0.585677094,2.642107179
0,0.333995681,-0.535477399,0.54049535,1.789731501,0.802656525,-0.440414309,0.108364541,-0.835736837,0.361273109,-0.096690646
1,0.092771872,-0.289509376,0.442285921,2.599722019,1.546678723,-0.039914519,-0.962956527,0.836831805,-1.018847991,-0.798716316
0,0.330625451,-0.473715044,0.335083395,0.827859741,0.081765667,-0.852921656,-1.109047462,-0.70485705,-1.26794274,0.069354237
1,0.084820795,-0.271530624,-0.287707975,-0.264426137,-0.512238648,0.137646342,0.031987324,-0.0319017,-0.288056454,1.117847581
1,-0.518514856,2.122111016,-2.585407806,-0.720074209,-1.30548146,0.7318386,-0.215025457,-0.605283307,0.67094954,1.244605302
0,0.331110376,-0.482079991,1.045490939,0.225779381,0.843295181,-0.24025121,3.144514089,0.715833047,-0.759489268,-0.713701467
0,0.092192377,-0.330463067,1.358684513,0.917392975,1.445923675,0.00448035,0.430292197,1.102385476,0.189266904,-0.508045093
1,-0.066445958,0.538898776,-2.363980937,-1.075810018,-1.18932122,0.064415986,-1.461500478,-0.389490251,0.458080154,0.27928353
1,0.318516763,-0.333577217,0.40080277,-0.250177083,-0.631627782,-0.879756799,-0.324266794,-0.070384984,0.291224288,-0.940737891
0,0.092958888,-0.310013021,1.272701605,0.114021198,-0.111886098,-0.151133619,3.386629609,0.073784241,1.592000959,-0.160335619
1,0.085398405,-0.223557956,0.509328377,-0.295019528,-0.702793642,0.25537966,-1.394445035,-0.728407515,0.090002866,-0.062024832
0,0.3312134,-0.509411422,1.065669175,0.004996161,1.49692343,0.087698448,1.455527067,2.910174857,-0.912118765,-0.220401756
1,-3.815631715,6.803362774,-2.686743573,-0.50300918,-1.262584015,3.755787728,-0.969574251,-0.515982821,0.613878801,3.577677823
0,0.330828347,-0.501655304,1.007767404,0.442331311,0.730320891,-0.443583771,1.271435781,2.061857349,0.2353891,0.175577821
1,0.315593144,-0.357693148,0.180238796,-0.180555498,0.429549074,-0.750548238,-0.399184911,-0.234556796,-0.238536913,-0.073639776
0,0.091345643,-0.332865945,-1.942699444,0.167106864,-0.290059473,-0.232060589,-0.885075516,-0.254786144,-1.261835053,1.425523329
0,0.330271434,-0.456301444,0.828724141,0.05705287,-0.045138797,-0.728014876,1.846838058,0.568327376,0.087891744,-1.214412996
1,0.024564136,0.005949904,-0.786631473,-1.122220284,-0.293430465,0.981825063,-0.517000644,-0.904443204,0.420214921,0.639830415
0,0.093694346,-0.281516322,0.782709274,1.400841354,-0.258599841,0.075341269,-0.190966184,-0.044939976,0.150750345,-1.01597568
0,0.095205663,-0.330056278,0.869849857,1.499747365,2.165191394,-0.78375152,0.464247566,1.283541823,-1.759275821,-0.442550427
0,0.331046683,-0.442263862,1.006151515,0.128262614,0.367207136,0.071024851,0.196273724,0.322760922,-0.57399119,-0.627655204
0,0.334052109,-0.479848628,0.583922991,1.180472186,0.668602887,-0.905214949,-0.173502569,-0.273503357,-0.976589158,-0.114346778
1,0.114499681,-0.24889519,-1.090152663,-0.348160872,-0.318385397,0.469089704,-0.492028619,-1.011132425,0.311016756,0.710832624
0,0.321047944,-0.424521598,0.841935867,-0.693065668,-0.333969427,0.284299982,1.00330517,1.317605504,-0.252290236,-0.317537273
1,0.060545126,0.087190699,-0.63792974,-0.08482129,-1.169649651,-0.663432783,0.178095854,-0.439768749,0.449957739,-0.239990637
0,0.331216986,-0.428341657,0.409904824,0.370419546,0.234212151,-0.364171402,0.268630108,1.115522054,-0.75889629,-0.06318458
0,0.092787867,-0.357050165,-0.044309876,2.084730679,5.856527571,-1.436488921,0.058998062,-1.060837725,-8.227864898,0.537789663
0,0.091943239,-0.312568408,1.002349218,1.294516087,0.609792979,-0.703885864,1.110467324,0.694559066,0.424584365,-0.490297515
1,-2.063844324,1.494854787,-1.903130862,-0.324201394,-0.510166056,3.818633903,-1.647277722,-2.194899867,1.032145838,3.774590068
1,0.04000213,0.213947818,-0.169554792,-1.394700996,-0.262392511,-0.460844095,0.182878074,0.027722945,0.330027921,-0.342981927
0,0.092173046,-0.290540284,0.217635518,-0.53130454,-0.574171102,-0.142773883,-1.337740827,0.569408894,-0.535354389,1.027405713
0,0.332090619,-0.461032429,0.690592276,1.527497702,0.248282007,0.162741216,0.942236638,1.264512712,-0.805601862,-0.328690303
